id;file_name;file_type;file_path;ms_one_drive_file_path;jsr_oak_repo_file_path;aws_file_path
1;homogeneous;quantify;Accounts circuit;Saint Lucia;generate Division exploit;content-based
2;Chicken;programming Lithuanian Litas;Checking Account;Frozen;parse;AGP Architect Profit-focused
3;orchestration HTTP;1080p Licensed compressing;viral;Quality El Salvador Tuna;Berkshire Electronics;Bike calculating
4;Wooden;connecting;Concrete 1080p monitoring;redundant;incubate;Fantastic Plastic Pants Steel
5;Refined;Frozen sensor Springs;Quality Car;Antarctica (the territory South of 60 deg S) benchmark;Chair Graphical User Interface Refined;input cultivate real-time
6;heuristic sensor;overriding Streets Creative;paradigm Soft Sleek Cotton Gloves;Lithuanian Litas Rubber invoice;Fords Morocco;mission-critical
7;calculating orchid;Corporate Beauty Checking Account;Function-based solid state Refined;implement alarm;Chief Functionality deposit;PNG mint green Maryland
8;embrace Berkshire;Vision-oriented protocol neural;Progressive facilitate;cultivate;Gloves International Senior;Syrian Pound magenta
9;invoice transmit user-facing;Towels;dot-com;Identity programming;Personal Loan Account Officer Avon;coherent Grocery
10;calculate card user-facing;deliverables Dominican Peso;Money Market Account Engineer Prairie;firewall Down-sized;Pataca Small array;Self-enabling Coordinator 24/365
